regija,obcina
Pomurska,Apače
Pomurska,Beltinci
Pomurska,Cankova
Pomurska,Črenšovci
Pomurska,Dobrovnik/Dobronak
Pomurska,Gornja Radgona
Pomurska,Gornji Petrovci
Pomurska,Grad
Pomurska,Hodoš/Hodos
Pomurska,Kobilje
Pomurska,Križevci
Pomurska,Kuzma
Pomurska,Lendava/Lendva
Pomurska,Ljutomer
Pomurska,Moravske Toplice
Pomurska,Murska Sobota
Pomurska,Odranci
Pomurska,Puconci
Pomurska,Radenci
Pomurska,Razkrižje
Pomurska,Rogašovci
Pomurska,Sveti Jurij ob Ščavnici
Pomurska,Šalovci
Pomurska,Tišina
Pomurska,Turnišče
Pomurska,Velika Polana
Pomurska,Veržej
Podravska,Benedikt
Podravska,Cerkvenjak
Podravska,Cirkulane
Podravska,Destrnik
Podravska,Dornava
Podravska,Duplek
Podravska,Gorišnica
Podravska,Hajdina
Podravska,Hoče - Slivnica
Podravska,Juršinci
Podravska,Kidričevo
Podravska,Kungota
Podravska,Lenart
Podravska,Lovrenc na Pohorju
Podravska,Majšperk
Podravska,Makole
Podravska,Maribor
Podravska,Markovci
Podravska,Miklavž na Dravskem polju
Podravska,Oplotnica
Podravska,Ormož
Podravska,Pesnica
Podravska,Podlehnik
Podravska,Poljčane
Podravska,Ptuj
Podravska,Rače - Fram
Podravska,Ruše
Podravska,Selnica ob Dravi
Podravska,Slovenska Bistrica
Podravska,Središče ob Dravi
Podravska,Starše
Podravska,Sveta Ana
Podravska,Sveta Trojica v Slov. goricah
Podravska,Sveti Andraž v Slov. goricah
Podravska,Sveti Jurij v Slov. goricah
Podravska,Sveti Tomaž
Podravska,Šentilj
Podravska,Trnovska vas
Podravska,Videm
Podravska,Zavrč
Podravska,Žetale
Koroška,Črna na Koroškem
Koroška,Dravograd
Koroška,Mežica
Koroška,Mislinja
Koroška,Muta
Koroška,Podvelka
Koroška,Prevalje
Koroška,Radlje ob Dravi
Koroška,Ravne na Koroškem
Koroška,Ribnica na Pohorju
Koroška,Slovenj Gradec
Koroška,Vuzenica
Savinjska,Braslovče
Savinjska,Celje
Savinjska,Dobje
Savinjska,Dobrna
Savinjska,Gornji Grad
Savinjska,Kozje
Savinjska,Laško
Savinjska,Ljubno
Savinjska,Luče
Savinjska,Mozirje
Savinjska,Nazarje
Savinjska,Podčetrtek
Savinjska,Polzela
Savinjska,Prebold
Savinjska,Rečica ob Savinji
Savinjska,Rogaška Slatina
Savinjska,Rogatec
Savinjska,Slovenske Konjice
Savinjska,Solčava
Savinjska,Šentjur
Savinjska,Šmarje pri Jelšah
Savinjska,Šmartno ob Paki
Savinjska,Šoštanj
Savinjska,Štore
Savinjska,Tabor
Savinjska,Velenje
Savinjska,Vitanje
Savinjska,Vojnik
Savinjska,Vransko
Savinjska,Zreče
Savinjska,Žalec
Zasavska,Hrastnik
Zasavska,Litija
Zasavska,Trbovlje
Zasavska,Zagorje ob Savi
Posavska,Bistrica ob Sotli
Posavska,Brežice
Posavska,Kostanjevica na Krki
Posavska,Krško
Posavska,Radeče
Posavska,Sevnica
Jugovzhodna Slovenija,Črnomelj
Jugovzhodna Slovenija,Dolenjske Toplice
Jugovzhodna Slovenija,Kočevje
Jugovzhodna Slovenija,Kostel
Jugovzhodna Slovenija,Loški Potok
Jugovzhodna Slovenija,Metlika
Jugovzhodna Slovenija,Mirna
Jugovzhodna Slovenija,Mirna Peč
Jugovzhodna Slovenija,Mokronog - Trebelno
Jugovzhodna Slovenija,Novo mesto
Jugovzhodna Slovenija,Osilnica
Jugovzhodna Slovenija,Ribnica
Jugovzhodna Slovenija,Semič
Jugovzhodna Slovenija,Sodražica
Jugovzhodna Slovenija,Straža
Jugovzhodna Slovenija,Šentjernej
Jugovzhodna Slovenija,Šentrupert
Jugovzhodna Slovenija,Škocjan
Jugovzhodna Slovenija,Šmarješke Toplice
Jugovzhodna Slovenija,Trebnje
Jugovzhodna Slovenija,Žužemberk
Osrednjeslovenska,Borovnica
Osrednjeslovenska,Brezovica
Osrednjeslovenska,Dobrepolje
Osrednjeslovenska,Dobrova - Polhov Gradec
Osrednjeslovenska,Dol pri Ljubljani
Osrednjeslovenska,Domžale
Osrednjeslovenska,Grosuplje
Osrednjeslovenska,Horjul
Osrednjeslovenska,Ig
Osrednjeslovenska,Ivančna Gorica
Osrednjeslovenska,Kamnik
Osrednjeslovenska,Komenda
Osrednjeslovenska,Ljubljana
Osrednjeslovenska,Log - Dragomer
Osrednjeslovenska,Logatec
Osrednjeslovenska,Lukovica
Osrednjeslovenska,Medvode
Osrednjeslovenska,Mengeš
Osrednjeslovenska,Moravče
Osrednjeslovenska,Škofljica
Osrednjeslovenska,Šmartno pri Litiji
Osrednjeslovenska,Trzin
Osrednjeslovenska,Velike Lašče
Osrednjeslovenska,Vodice
Osrednjeslovenska,Vrhnika
Gorenjska,Bled
Gorenjska,Bohinj
Gorenjska,Cerklje na Gorenjskem
Gorenjska,Gorenja vas - Poljane
Gorenjska,Gorje
Gorenjska,Jesenice
Gorenjska,Jezersko
Gorenjska,Kranj
Gorenjska,Kranjska Gora
Gorenjska,Naklo
Gorenjska,Preddvor
Gorenjska,Radovljica
Gorenjska,Šenčur
Gorenjska,Škofja Loka
Gorenjska,Tržič
Gorenjska,Železniki
Gorenjska,Žiri
Gorenjska,Žirovnica
Primorsko-notranjska,Bloke
Primorsko-notranjska,Cerknica
Primorsko-notranjska,Ilirska Bistrica
Primorsko-notranjska,Loška dolina
Primorsko-notranjska,Pivka
Primorsko-notranjska,Postojna
Goriška,Ajdovščina
Goriška,Bovec
Goriška,Brda
Goriška,Cerkno
Goriška,Idrija
Goriška,Kanal
Goriška,Kobarid
Goriška,Miren - Kostanjevica
Goriška,Nova Gorica
Goriška,Renče - Vogrsko
Goriška,Šempeter - Vrtojba
Goriška,Tolmin
Goriška,Vipava
Obalno-kraška,Ankaran/Ancarano
Obalno-kraška,Divača
Obalno-kraška,Hrpelje - Kozina
Obalno-kraška,Izola/Isola
Obalno-kraška,Komen
Obalno-kraška,Koper/Capodistria
Obalno-kraška,Piran/Pirano
Obalno-kraška,Sežana
